no,line,name,lat,lng,no
0,01hoseon,soyosan,37.9481,127.061034,100
1,01hoseon,dongducheon,37.927878,127.05479,101
2,01hoseon,bosan,37.913702,127.057277,102
3,01hoseon,dongducheonjungang,37.901885,127.056482,103
4,01hoseon,jihaeng,37.892334,127.055716,104
5,01hoseon,deokjeong,37.843188,127.061277,105
6,01hoseon,deokgye,37.818486,127.056486,106
7,01hoseon,yangju,37.774381,127.044708,107
8,01hoseon,nogyang,37.75938,127.042292,108
9,01hoseon,ganeung,37.748577,127.044213,109
10,01hoseon,uijeongbu,37.738415,127.045958,110
11,01hoseon,hoeryong,37.724846,127.046895,111
12,01hoseon,mangwolsa,37.709914,127.047455,112
13,01hoseon,dobongsan,37.689313,127.046222,113
14,01hoseon,dobong,37.679563,127.045595,114
15,01hoseon,banghak,37.667503,127.044273,115
16,01hoseon,changdong,37.653166,127.047731,116
17,01hoseon,nokcheon,37.644799,127.051269,117
18,01hoseon,wolgye,37.633212,127.058831,118
19,01hoseon,gwangundae,37.623632,127.061835,119
20,01hoseon,seokgye,37.614805,127.065851,120
21,01hoseon,sinimun,37.601854,127.067325,121
22,01hoseon,oedaeap,37.596073,127.063549,122
23,01hoseon,hoegi,37.58946,127.057583,123
24,01hoseon,cheongryangri,37.580178,127.046835,124
25,01hoseon,jegidong,37.578103,127.034893,125
26,01hoseon,sinseoldong,37.575297,127.025087,126
27,01hoseon,dongmyoap,37.572627,127.016429,127
28,01hoseon,dongdaemun,37.57142,127.009745,128
29,01hoseon,jongro5ga,37.570926,127.001849,129
30,01hoseon,jongro3ga,37.571607,126.991806,130
31,01hoseon,jonggak,37.570161,126.982923,131
32,01hoseon,sicheong,37.564718,126.977108,132
33,01hoseon,seouryeok,37.554648,126.972559,133
34,01hoseon,namyeong,37.541021,126.9713,134
35,01hoseon,yongsan,37.529849,126.964561,135
36,01hoseon,noryangjin,37.514219,126.942454,136
37,01hoseon,daebang,37.513342,126.926382,137
38,01hoseon,singil,37.517122,126.917169,138
39,01hoseon,yeongdeungpo,37.515504,126.907628,139
40,01hoseon,sindorim,37.508725,126.891295,140
41,01hoseon,guro,37.503039,126.881966,141
42,01hoseon,guil,37.496756,126.870793,142
43,01hoseon,gaebong,37.494594,126.85868,143
44,01hoseon,oryudong,37.494526,126.845365,144
45,01hoseon,onsu,37.492258,126.823388,145
46,01hoseon,yeokgok,37.485178,126.811502,146
47,01hoseon,sosa,37.482753,126.79544,147
48,01hoseon,bucheon,37.48405,126.782686,148
49,01hoseon,jungdong,37.486562,126.764843,149
50,01hoseon,songnae,37.4876,126.753664,150
51,01hoseon,bugae,37.488418,126.74109,151
52,01hoseon,bupyeong,37.489493,126.724805,152
53,01hoseon,baegun,37.483664,126.707704,153
54,01hoseon,dongam,37.471408,126.702896,154
55,01hoseon,ganseok,37.464737,126.694181,155
56,01hoseon,juan,37.464941,126.679923,156
57,01hoseon,dohwa,37.46607,126.668672,157
58,01hoseon,jemulpo,37.466769,126.656666,158
59,01hoseon,dowon,37.468446,126.642706,159
60,01hoseon,dongincheon,37.475276,126.632802,160
61,01hoseon,incheon,37.476691,126.616936,161
62,01hoseon,gasandijiteoldanji,37.481072,126.882343,P142
63,01hoseon,doksan,37.466613,126.889249,P143
64,01hoseon,geumcheongucheong,37.455626,126.89398,P144
65,01hoseon,gwangmyeong,37.416182,126.884466,P144-1
66,01hoseon,seoksu,37.435047,126.902295,P145
67,01hoseon,gwanak,37.419232,126.908706,P146
68,01hoseon,anyang,37.401592,126.922874,P147
69,01hoseon,myeonghak,37.384653,126.935433,P148
70,01hoseon,geumjeong,37.372221,126.943429,P149
71,01hoseon,gunpo,37.35356,126.948462,P150
72,01hoseon,dangjeong,37.344285,126.948345,P151
73,01hoseon,uiwang,37.320852,126.948217,P152
74,01hoseon,seonggyungwandae,37.300349,126.97075,P153
75,01hoseon,hwaseo,37.283862,126.989627,P154
76,01hoseon,suwon,37.265974,126.999874,P155
77,01hoseon,seryu,37.245025,127.013222,P156
78,01hoseon,byeongjeom,37.207503,127.032731,P157
79,01hoseon,seodongtan,37.195504,127.051672,P157-1
80,01hoseon,sema,37.187533,127.04318,P158
81,01hoseon,osandae,37.168953,127.063197,P159
82,01hoseon,osan,37.145885,127.06672,P160
83,01hoseon,jinwi,37.109447,127.062278,P161
84,01hoseon,songtan,37.075696,127.054301,P162
85,01hoseon,seojeongri,37.056496,127.052819,P163
86,01hoseon,jije,37.0188,127.070444,P164
87,01hoseon,pyeongtaek,36.990726,127.085159,P165
88,01hoseon,seonghwan,36.916076,127.126964,P166
89,01hoseon,jiksan,36.870593,127.143904,P167
90,01hoseon,dujeong,36.833705,127.14896,P168
91,01hoseon,cheonan,36.810005,127.146826,P169
92,01hoseon,bongmyeong,36.801215,127.135763,P170
93,01hoseon,ssangyong,36.793759,127.1214,P171
94,01hoseon,asan,36.792053,127.104361,P172
95,01hoseon,baebang,36.777629,127.052991,P174
96,01hoseon,onyangoncheon,36.780483,127.003249,P176
97,01hoseon,sinchang,36.769502,126.951108,P177
98,02hoseon,sicheong,37.564718,126.977108,201
99,02hoseon,euljiroipgu,37.566014,126.982618,202
100,02hoseon,euljiro3ga,37.566295,126.99191,203
101,02hoseon,euljiro4ga,37.566941,126.998079,204
102,02hoseon,dongdaemunyeoksamunhwagongwon,37.565138,127.007896,205
103,02hoseon,sindang,37.565972,127.01782,206
104,02hoseon,sangwangsipri,37.564354,127.029354,207
105,02hoseon,wangsipri,37.561533,127.037732,208
106,02hoseon,hanyangdae,37.555273,127.043655,209
107,02hoseon,ttukseom,37.547184,127.047367,210
108,02hoseon,seongsu,37.544581,127.055961,211
109,02hoseon,yongdap,37.561904,127.050899,211-1
110,02hoseon,sindap,37.57004,127.046481,211-2
111,02hoseon,yongdu,37.574028,127.038091,211-3
112,02hoseon,sinseoldong,37.575297,127.025087,211-4
113,02hoseon,geondaeipgu,37.540693,127.07023,212
114,02hoseon,guui,37.537077,127.085916,213
115,02hoseon,gangbyeon,37.535095,127.094681,214
116,02hoseon,jamsilnaru,37.520733,127.10379,215
117,02hoseon,jamsil,37.51395,127.102234,216
118,02hoseon,jamsilsaenae,37.511687,127.086162,217
119,02hoseon,jonghabundongjang,37.510997,127.073642,218
120,02hoseon,samseong,37.508844,127.06316,219
121,02hoseon,seonreung,37.504503,127.049008,220
122,02hoseon,yeoksam,37.500622,127.036456,221
123,02hoseon,gangnam,37.497175,127.027926,222
124,02hoseon,gyodae,37.493415,127.01408,223
125,02hoseon,seocho,37.491897,127.007917,224
126,02hoseon,bangbae,37.481426,126.997596,225
127,02hoseon,sadang,37.47653,126.981685,226
128,02hoseon,nakseongdae,37.47693,126.963693,227
129,02hoseon,seouldaeipgu,37.481247,126.952739,228
130,02hoseon,bongcheon,37.482362,126.941892,229
131,02hoseon,sinrim,37.484201,126.929715,230
132,02hoseon,sindaebang,37.487462,126.913149,231
133,02hoseon,gurodijiteoldanji,37.485266,126.901401,232
134,02hoseon,daerim,37.49297,126.895801,233
135,02hoseon,sindorim,37.508725,126.891295,234
136,02hoseon,dorimcheon,37.514287,126.882768,234-1
137,02hoseon,yangcheongucheong,37.512398,126.865819,234-2
138,02hoseon,sinjeongnegeori,37.520074,126.852912,234-3
139,02hoseon,kkachisan,37.531768,126.846683,234-4
140,02hoseon,munrae,37.517933,126.89476,235
141,02hoseon,yeongdeungpogucheong,37.52497,126.895951,236
142,02hoseon,dangsan,37.53438,126.902281,237
143,02hoseon,hapjeong,37.549463,126.913739,238
144,02hoseon,hongdaeipgu,37.557192,126.925381,239
145,02hoseon,sinchon,37.555134,126.936893,240
146,02hoseon,idae,37.556733,126.946013,241
147,02hoseon,ahyeon,37.557345,126.956141,242
148,02hoseon,chungjeongro,37.559973,126.963672,243
149,03hoseon,daehwa,37.676087,126.747569,309
150,03hoseon,juyeop,37.670072,126.761334,310
151,03hoseon,jeongbalsan,37.659477,126.773359,311
152,03hoseon,madu,37.652206,126.77762,312
153,03hoseon,baekseok,37.643114,126.78787,313
154,03hoseon,daegok,37.631626,126.811024,314
155,03hoseon,hwajeong,37.634592,126.83265,315
156,03hoseon,wondang,37.653324,126.843041,316
157,03hoseon,wonheung,37.650658,126.872642,317
158,03hoseon,samsong,37.653083,126.895558,318
159,03hoseon,jichuk,37.648048,126.913951,319
160,03hoseon,gupabal,37.636763,126.918821,320
161,03hoseon,yeonsinnae,37.619001,126.921008,321
162,03hoseon,bulgwang,37.610469,126.929887,322
163,03hoseon,nokbeon,37.600927,126.935756,323
164,03hoseon,hongje,37.589066,126.943736,324
165,03hoseon,muakjae,37.582299,126.950291,325
166,03hoseon,dokripmun,37.574571,126.957748,326
167,03hoseon,gyeongbokgung,37.575762,126.97353,327
168,03hoseon,anguk,37.576477,126.985443,328
169,03hoseon,jongro3ga,37.571607,126.991806,329
170,03hoseon,euljiro3ga,37.566295,126.99191,330
171,03hoseon,chungmuro,37.561243,126.99428,331
172,03hoseon,dongdaeipgu,37.559052,127.005602,332
173,03hoseon,yaksu,37.55434,127.010655,333
174,03hoseon,geumho,37.548034,127.015872,334
175,03hoseon,oksu,37.540685,127.017965,335
176,03hoseon,apgujeong,37.527072,127.028461,336
177,03hoseon,sinsa,37.516334,127.020114,337
178,03hoseon,jamwon,37.512759,127.01122,338
179,03hoseon,gosokteomineol,37.50481,127.004943,339
180,03hoseon,gyodae,37.493415,127.01408,340
181,03hoseon,nambuteomineol,37.485013,127.016189,341
182,03hoseon,yangjae,37.484147,127.034631,342
183,03hoseon,maebong,37.486947,127.046769,343
184,03hoseon,dogok,37.490858,127.055381,344
185,03hoseon,daechi,37.494612,127.063642,345
186,03hoseon,hagyeoul,37.496663,127.070594,346
187,03hoseon,daecheong,37.493514,127.079532,347
188,03hoseon,irwon,37.483681,127.08439,348
189,03hoseon,suseo,37.487371,127.10188,349
190,03hoseon,garaksijang,37.492522,127.118234,350
191,03hoseon,gyeongchalbyeongwon,37.495918,127.12454,351
192,03hoseon,ogeum,37.502162,127.128111,352
193,04hoseon,danggogae,37.670272,127.079066,409
194,04hoseon,sanggye,37.660878,127.073572,410
195,04hoseon,nowon,37.655128,127.061368,411
196,04hoseon,changdong,37.653166,127.047731,412
197,04hoseon,ssangmun,37.648627,127.034709,413
198,04hoseon,suyu,37.638052,127.025732,414
199,04hoseon,mia,37.62667,127.025983,415
200,04hoseon,miasageori,37.613292,127.030053,416
201,04hoseon,gireum,37.603407,127.025053,417
202,04hoseon,seongsinyeodaeipgu,37.592624,127.016403,418
203,04hoseon,hanseongdaeipgu,37.588458,127.006221,419
204,04hoseon,hyehwa,37.582336,127.001844,420
205,04hoseon,dongdaemun,37.57142,127.009745,421
206,04hoseon,dongdaemunyeoksamunhwagongwon,37.565138,127.007896,422
207,04hoseon,chungmuro,37.561243,126.99428,423
208,04hoseon,myeongdong,37.560989,126.986325,424
209,04hoseon,hoehyeon,37.558514,126.978246,425
210,04hoseon,seouryeok,37.554648,126.972559,426
211,04hoseon,sukdaeipgu,37.54456,126.972106,427
212,04hoseon,samgakji,37.534777,126.97311,428
213,04hoseon,sinyongsan,37.52917,126.967894,429
214,04hoseon,ichon,37.522272,126.974345,430
215,04hoseon,dongjak,37.502971,126.979306,431
216,04hoseon,chongsindaeipgu(isu),37.486263,126.981989,432
217,04hoseon,sadang,37.47653,126.981685,433
218,04hoseon,namtaeryeong,37.463873,126.989134,434
219,04hoseon,seonbawi,37.451673,127.002303,435
220,04hoseon,gyeongmagongwon,37.443885,127.007888,436
221,04hoseon,daegongwon,37.435675,127.006523,437
222,04hoseon,gwacheon,37.433021,126.996568,438
223,04hoseon,jeongbugwacheoncheongsa,37.426513,126.98978,439
224,04hoseon,indeogwon,37.401553,126.976715,440
225,04hoseon,pyeongchon,37.394287,126.963883,441
226,04hoseon,beomgye,37.389793,126.950806,442
227,04hoseon,geumjeong,37.372221,126.943429,443
228,04hoseon,sanbon,37.358101,126.933274,444
229,04hoseon,surisan,37.349801,126.925365,445
230,04hoseon,daeyami,37.328467,126.917332,446
231,04hoseon,banwol,37.312212,126.903524,447
232,04hoseon,sangroksu,37.302795,126.866489,448
233,04hoseon,handaeap,37.309689,126.85344,449
234,04hoseon,jungang,37.315941,126.838573,450
235,04hoseon,gojan,37.316777,126.823249,451
236,04hoseon,choji,37.320646,126.805913,452
237,04hoseon,ansan,37.327082,126.788532,453
238,04hoseon,singironcheon,37.338212,126.765844,454
239,04hoseon,jeongwang,37.351735,126.742989,455
240,04hoseon,oido,37.362357,126.738714,456
241,05hoseon,banghwa,37.577446,126.812741,510
242,05hoseon,gaehwasan,37.572399,126.806171,511
243,05hoseon,gimpogonghang,37.562434,126.801058,512
244,05hoseon,songjeong,37.561184,126.811973,513
245,05hoseon,magok,37.560183,126.825448,514
246,05hoseon,balsan,37.558598,126.837668,515
247,05hoseon,ujangsan,37.548768,126.836318,516
248,05hoseon,hwagok,37.541513,126.840461,517
249,05hoseon,kkachisan,37.531768,126.846683,518
250,05hoseon,sinjeong,37.524997,126.856191,519
251,05hoseon,mokdong,37.526065,126.864931,520
252,05hoseon,omokgyo,37.524496,126.875181,521
253,05hoseon,yangpyeong(5hoseon),37.525583,126.886176,522
254,05hoseon,yeongdeungpogucheong,37.52497,126.895951,523
255,05hoseon,yeongdeungposijang,37.522669,126.905139,524
256,05hoseon,singil,37.517122,126.917169,525
257,05hoseon,yeouido,37.521624,126.924191,526
258,05hoseon,yeouinaru,37.527098,126.932901,527
259,05hoseon,mapo,37.539574,126.945932,528
260,05hoseon,gongdeok,37.544018,126.951592,529
261,05hoseon,aeogae,37.553736,126.95682,530
262,05hoseon,chungjeongro,37.559973,126.963672,531
263,05hoseon,seodaemun,37.565773,126.966641,532
264,05hoseon,gwanghwamun,37.571026,126.976669,533
265,05hoseon,jongro3ga,37.571607,126.991806,534
266,05hoseon,euljiro4ga,37.566941,126.998079,535
267,05hoseon,dongdaemunyeoksamunhwagongwon,37.565138,127.007896,536
268,05hoseon,cheonggu,37.560245,127.013828,537
269,05hoseon,singeumho,37.554548,127.020331,538
270,05hoseon,haengdang,37.557322,127.029476,539
271,05hoseon,wangsipri,37.561533,127.037732,540
272,05hoseon,majang,37.5661,127.042973,541
273,05hoseon,dapsipri,37.566747,127.052704,542
274,05hoseon,janghanpyeong,37.56144,127.064623,543
275,05hoseon,gunja,37.557121,127.079542,544
276,05hoseon,achasan,37.551691,127.089761,545
277,05hoseon,gwangnaru,37.545303,127.10357,546
278,05hoseon,cheonho,37.538397,127.123572,547
279,05hoseon,gangdong,37.535804,127.132481,548
280,05hoseon,gildong,37.537801,127.140004,549
281,05hoseon,gubeundari,37.545477,127.142853,550
282,05hoseon,myeongil,37.55137,127.143999,551
283,05hoseon,godeok,37.555004,127.154151,552
284,05hoseon,sangildong,37.556712,127.166417,553
285,05hoseon,gangil,37.557465,127.175864,554
286,05hoseon,misa,37.563132,127.192968,555
287,05hoseon,hanampungsan,37.552125,127.203912,556
288,05hoseon,hanamsicheong,37.541682,127.206869,557
289,05hoseon,hanamgeomdansan,37.539809,127.223249,558
290,05hoseon,dunchondong,37.527788,127.136248,P549
291,05hoseon,olrimpikgongwon,37.516078,127.130848,P550
292,05hoseon,bangi,37.508857,127.126133,P551
293,05hoseon,ogeum,37.502162,127.128111,P552
294,05hoseon,gaerong,37.498079,127.13482,P553
295,05hoseon,geoyeo,37.493105,127.14415,P554
296,05hoseon,macheon,37.49499,127.152781,P555
297,06hoseon,eungam,37.598605,126.915577,610
298,06hoseon,yeokchon,37.606021,126.922744,611
299,06hoseon,bulgwang,37.610469,126.929887,612
300,06hoseon,dokbawi,37.618456,126.933031,613
301,06hoseon,yeonsinnae,37.619001,126.921008,614
302,06hoseon,gusan,37.611377,126.91727,615
303,06hoseon,saejeol,37.591148,126.913629,616
304,06hoseon,jeungsan,37.583876,126.909645,617
305,06hoseon,dijiteolmidieositi,37.576646,126.900984,618
306,06hoseon,woldeukeopgyeonggijang,37.569532,126.899298,619
307,06hoseon,mapogucheong,37.563515,126.903343,620
308,06hoseon,mangwon,37.556094,126.910052,621
309,06hoseon,hapjeong,37.549463,126.913739,622
310,06hoseon,sangsu,37.547716,126.922852,623
311,06hoseon,gwangheungchang,37.547456,126.931993,624
312,06hoseon,daeheung,37.547771,126.942069,625
313,06hoseon,gongdeok,37.544018,126.951592,626
314,06hoseon,hyochanggongwonap,37.539261,126.961351,627
315,06hoseon,samgakji,37.534777,126.97311,628
316,06hoseon,noksapyeong,37.534675,126.986695,629
317,06hoseon,itaewon,37.534488,126.994302,630
318,06hoseon,hangangjin,37.539631,127.001725,631
319,06hoseon,beotigogae,37.548013,127.007055,632
320,06hoseon,yaksu,37.55434,127.010655,633
321,06hoseon,cheonggu,37.560245,127.013828,634
322,06hoseon,sindang,37.565972,127.01782,635
323,06hoseon,dongmyoap,37.572627,127.016429,636
324,06hoseon,changsin,37.579661,127.015241,637
325,06hoseon,bomun,37.585286,127.019381,638
326,06hoseon,anam,37.586272,127.029005,639
327,06hoseon,goryeodae,37.590508,127.036296,640
328,06hoseon,wolgok,37.601948,127.041518,641
329,06hoseon,sangwolgok,37.606377,127.048491,642
330,06hoseon,dolgoji,37.610537,127.056431,643
331,06hoseon,seokgye,37.614805,127.065851,644
332,06hoseon,taereungipgu,37.617983,127.07512,645
333,06hoseon,hwarangdae,37.620064,127.084689,646
334,06hoseon,bonghwasan,37.617283,127.091401,647
335,06hoseon,sinnae,37.612887,127.103218,648
336,07hoseon,jangam,37.700109,127.053196,709
337,07hoseon,dobongsan,37.689313,127.046222,710
338,07hoseon,suraksan,37.67785,127.055315,711
339,07hoseon,madeul,37.66494,127.057675,712
340,07hoseon,nowon,37.655128,127.061368,713
341,07hoseon,junggye,37.644583,127.064303,714
342,07hoseon,hagye,37.636352,127.06799,715
343,07hoseon,gongreung,37.625742,127.072896,716
344,07hoseon,taereungipgu,37.617983,127.07512,717
345,07hoseon,meokgol,37.610637,127.077725,718
346,07hoseon,junghwa,37.602545,127.079264,719
347,07hoseon,sangbong,37.596362,127.085032,720
348,07hoseon,myeonmok,37.588579,127.087503,721
349,07hoseon,sagajeong,37.580894,127.088478,722
350,07hoseon,yongmasan,37.573647,127.086727,723
351,07hoseon,junggok,37.565923,127.08432,724
352,07hoseon,gunja,37.557121,127.079542,725
353,07hoseon,eorinidaegongwon,37.548014,127.074658,726
354,07hoseon,geondaeipgu,37.540693,127.07023,727
355,07hoseon,ttukseomyuwonji,37.53154,127.066704,728
356,07hoseon,cheongdam,37.519365,127.05335,729
357,07hoseon,gangnamgucheong,37.517186,127.04128,730
358,07hoseon,hakdong,37.514229,127.031656,731
359,07hoseon,nonhyeon,37.511093,127.021415,732
360,07hoseon,banpo,37.508178,127.011727,733
361,07hoseon,gosokteomineol,37.50481,127.004943,734
362,07hoseon,naebang,37.487618,126.993513,735
363,07hoseon,chongsindaeipgu(isu),37.486263,126.981989,736
364,07hoseon,namseong,37.484596,126.971251,737
365,07hoseon,sungsildaeipgu,37.496029,126.953822,738
366,07hoseon,sangdo,37.502834,126.94791,739
367,07hoseon,jangseungbaegi,37.504898,126.93915,740
368,07hoseon,sindaebangsamgeori,37.499701,126.928276,741
369,07hoseon,boramae,37.499872,126.920428,742
370,07hoseon,sinpung,37.50008,126.90993,743
371,07hoseon,daerim,37.49297,126.895801,744
372,07hoseon,namguro,37.486056,126.887249,745
373,07hoseon,gasandijiteoldanji,37.481072,126.882343,746
374,07hoseon,cheolsan,37.47605,126.867911,747
375,07hoseon,gwangmyeongsageori,37.479252,126.854876,748
376,07hoseon,cheonwang,37.486637,126.838713,749
377,07hoseon,onsu,37.492258,126.823388,750
378,07hoseon,kkachiul,37.506207,126.810939,751
379,07hoseon,bucheonjonghabundongjang,37.50538,126.797337,752
380,07hoseon,chunui,37.503663,126.787036,753
381,07hoseon,sinjungdong,37.503048,126.77596,754
382,07hoseon,bucheonsicheong,37.504631,126.763538,755
383,07hoseon,sangdong,37.505781,126.753083,756
384,07hoseon,samsancheyukgwan,37.506411,126.742153,757
385,07hoseon,gulpocheon,37.506997,126.73128,758
386,07hoseon,bupyeonggucheong,37.508336,126.720548,759
387,08hoseon,amsa,37.55021,127.127562,810
388,08hoseon,cheonho,37.538397,127.123572,811
389,08hoseon,gangdonggucheong,37.530341,127.120508,812
390,08hoseon,mongchontoseong,37.517409,127.112359,813
391,08hoseon,jamsil,37.51395,127.102234,814
392,08hoseon,seokchon,37.505431,127.106979,815
393,08hoseon,songpa,37.499703,127.112183,816
394,08hoseon,garaksijang,37.492522,127.118234,817
395,08hoseon,munjeong,37.485855,127.1225,818
396,08hoseon,jangji,37.478703,127.126191,819
397,08hoseon,bokjeong,37.470047,127.126662,820
398,08hoseon,sanseong,37.457122,127.149908,821
399,08hoseon,namhansanseongipgu,37.451535,127.159816,822
400,08hoseon,dandaeogeori,37.44521,127.156866,823
401,08hoseon,sinheung,37.440918,127.147564,824
402,08hoseon,sujin,37.437428,127.140722,825
403,08hoseon,moran,37.43213,127.129087,826
404,09hoseon,gaehwa,37.578608,126.798153,901
405,09hoseon,gimpogonghang,37.562434,126.801058,902
406,09hoseon,gonghangsijang,37.563726,126.810678,903
407,09hoseon,sinbanghwa,37.567532,126.816601,904
408,09hoseon,magoknaru,37.567336,126.829497,905
409,09hoseon,yangcheonhyanggyo,37.568381,126.841333,906
410,09hoseon,gayang,37.561391,126.854456,907
411,09hoseon,jeungmi,37.557402,126.861939,908
412,09hoseon,deungchon,37.550632,126.865689,909
413,09hoseon,yeomchang,37.546936,126.874916,910
414,09hoseon,sinmokdong,37.544277,126.88308,911
415,09hoseon,seonyudo,37.53802,126.893525,912
416,09hoseon,dangsan,37.53438,126.902281,913
417,09hoseon,gukhoeuisadang,37.528105,126.917874,914
418,09hoseon,yeouido,37.521624,126.924191,915
419,09hoseon,saetgang,37.517274,126.928422,916
420,09hoseon,noryangjin,37.514219,126.942454,917
421,09hoseon,nodeul,37.512887,126.953222,918
422,09hoseon,heukseok,37.50877,126.963708,919
423,09hoseon,dongjak,37.502971,126.979306,920
424,09hoseon,gubanpo,37.501364,126.987332,921
425,09hoseon,sinbanpo,37.503415,126.995925,922
426,09hoseon,gosokteomineol,37.50481,127.004943,923
427,09hoseon,sapyeong,37.504206,127.015259,924
428,09hoseon,sinnonhyeon,37.504598,127.02506,925
429,09hoseon,eonju,37.507287,127.033868,926
430,09hoseon,seonjeongreung,37.51098,127.043593,927
431,09hoseon,samseongjungang,37.513011,127.053282,928
432,09hoseon,bongeunsa,37.514219,127.060245,929
433,09hoseon,jonghabundongjang,37.510997,127.073642,930
434,09hoseon,samjeon,37.504312,127.08801,931
435,09hoseon,seokchongobun,37.502414,127.096939,932
436,09hoseon,seokchon,37.505431,127.106979,933
437,09hoseon,songpanaru,37.510292,127.112187,934
438,09hoseon,hanseongbaekje,37.516519,127.116106,935
439,09hoseon,olrimpikgongwon,37.516078,127.130848,936
440,09hoseon,dunchonoryun,37.519253,127.138708,937
441,09hoseon,jungangbohunbyeongwon,37.528743,127.148612,938
442,bundangseon,cheongryangri,37.580178,127.046835,K209
443,bundangseon,wangsipri,37.561533,127.037732,K210
444,bundangseon,seoulsup,37.543617,127.044707,K211
445,bundangseon,apgujeongrodeo,37.527381,127.040534,K212
446,bundangseon,gangnamgucheong,37.517186,127.04128,K213
447,bundangseon,seonjeongreung,37.51098,127.043593,K214
448,bundangseon,seonreung,37.504503,127.049008,K215
449,bundangseon,hanti,37.496237,127.052873,K216
450,bundangseon,dogok,37.490858,127.055381,K217
451,bundangseon,guryong,37.486839,127.058856,K218
452,bundangseon,gaepodong,37.489116,127.06614,K219
453,bundangseon,daemosanipgu,37.491373,127.07272,K220
454,bundangseon,suseo,37.487371,127.10188,K221
455,bundangseon,bokjeong,37.470047,127.126662,K222
456,bundangseon,gacheondaeyeok,37.448605,127.126697,K223
457,bundangseon,taepyeong,37.440019,127.127709,K224
458,bundangseon,moran,37.43213,127.129087,K225
459,bundangseon,yatap,37.411185,127.128715,K226
460,bundangseon,imae,37.396104,127.12827,K227
461,bundangseon,seohyeon,37.385126,127.123592,K228
462,bundangseon,sunae,37.378455,127.114322,K229
463,bundangseon,jeongja,37.36706,127.108105,K230
464,bundangseon,migeum,37.350077,127.10891,K231
465,bundangseon,ori,37.339824,127.108942,K232
466,bundangseon,jukjeon,37.324753,127.107395,K233
467,bundangseon,bojeong,37.312752,127.108196,K234
468,bundangseon,guseong,37.298969,127.105664,K235
469,bundangseon,singal,37.286102,127.111313,K236
470,bundangseon,giheung,37.275619,127.115936,K237
471,bundangseon,sanggal,37.26181,127.108847,K238
472,bundangseon,cheongmyeong,37.259489,127.078934,K239
473,bundangseon,yeongtong,37.251568,127.071394,K240
474,bundangseon,mangpo,37.245795,127.057353,K241
475,bundangseon,maetangwonseon,37.252759,127.040566,K242
476,bundangseon,suwonsicheong,37.261911,127.030736,K243
477,bundangseon,maegyo,37.265481,127.015678,K244
478,bundangseon,suwon,37.265974,126.999874,K245
479,sinbundangseon,gangnam,37.497175,127.027926,D07
480,sinbundangseon,yangjae,37.484147,127.034631,D08
481,sinbundangseon,yangjaesiminuisup,37.470023,127.03842,D09
482,sinbundangseon,cheonggyesanipgu,37.447211,127.055664,D10
483,sinbundangseon,pangyo,37.394761,127.111217,D11
484,sinbundangseon,jeongja,37.36706,127.108105,D12
485,sinbundangseon,migeum,37.350077,127.10891,D13
486,sinbundangseon,dongcheon,37.337928,127.102976,D14
487,sinbundangseon,sujigucheong,37.322702,127.095026,D15
488,sinbundangseon,seongbok,37.313335,127.0801,D16
489,sinbundangseon,sanghyeon,37.297664,127.069342,D17
490,sinbundangseon,gwanggyojungang,37.288617,127.051478,D18
491,sinbundangseon,gwanggyo,37.30211,127.044483,D19
492,suinseon,oido,37.362357,126.738714,K250
493,suinseon,darwol,37.379681,126.745177,K251
494,suinseon,wolgot,37.391769,126.742699,K252
495,suinseon,soraepogu,37.40095,126.733522,K253
496,suinseon,incheonnonhyeon,37.400614,126.722478,K254
497,suinseon,hogupo,37.401637,126.708627,K255
498,suinseon,namdongindeoseupakeu,37.407722,126.695216,K256
499,suinseon,woninjae,37.412603,126.687389,K257
500,suinseon,yeonsu,37.417804,126.67894,K258
501,suinseon,songdo,37.428514,126.657772,K259
502,suinseon,inhadae,37.448493,126.649619,K261
503,suinseon,sungui,37.460789,126.638297,K262
504,suinseon,sinpo,37.46874,126.623853,K263
505,suinseon,incheon,37.476691,126.616936,K264
506,incheonseon,gyeyang,37.571462,126.735637,I110
507,incheonseon,gyulhyeon,37.566379,126.742654,I111
508,incheonseon,bakchon,37.553703,126.745077,I112
509,incheonseon,imhak,37.545059,126.738665,I113
510,incheonseon,gyesan,37.543238,126.728128,I114
511,incheonseon,gyeongingyodaeipgu,37.538157,126.722597,I115
512,incheonseon,jakjeon,37.530415,126.722527,I116
513,incheonseon,galsan,37.517268,126.721514,I117
514,incheonseon,bupyeonggucheong,37.508336,126.720548,I118
515,incheonseon,bupyeongsijang,37.498383,126.722244,I119
516,incheonseon,bupyeong,37.489493,126.724805,I120
517,incheonseon,dongsu,37.485312,126.718247,I121
518,incheonseon,bupyeongsamgeori,37.477679,126.710208,I122
519,incheonseon,ganseogogeori,37.467048,126.707938,I123
520,incheonseon,incheonsicheong,37.457405,126.702221,I124
521,incheonseon,yesulhoegwan,37.449396,126.701012,I125
522,incheonseon,incheonteomineol,37.442383,126.699706,I126
523,incheonseon,munhakgyeonggijang,37.434935,126.698579,I127
524,incheonseon,seonhak,37.426684,126.698863,I128
525,incheonseon,sinyeonsu,37.41804,126.693863,I129
526,incheonseon,woninjae,37.412603,126.687389,I130
527,incheonseon,dongchun,37.404737,126.681015,I131
528,incheonseon,dongmak,37.397878,126.674005,I132
529,incheonseon,kaempeoseutaun,37.387855,126.661673,I133
530,incheonseon,tekeunopakeu,37.382268,126.656365,I134
531,incheonseon,jisikjeongbodanji,37.378384,126.645168,I135
532,incheonseon,incheondaeipgu,37.386007,126.639484,I136
533,incheonseon,senteureolpakeu,37.393054,126.634729,I137
534,incheonseon,gukjeeopmujigu,37.399907,126.630347,I138
535,incheon2hoseon,geomdanoryu,37.594877,126.627178,I201
536,incheon2hoseon,wanggil,37.59518,126.642696,I202
537,incheon2hoseon,geomdansageori,37.60185,126.657108,I203
538,incheon2hoseon,majeon,37.597566,126.666998,I204
539,incheon2hoseon,wanjeong,37.592928,126.673203,I205
540,incheon2hoseon,dokjeong,37.585212,126.675844,I206
541,incheon2hoseon,geomam,37.569104,126.673728,I207
542,incheon2hoseon,geombawi,37.561405,126.677566,I208
543,incheon2hoseon,asiadeugyeonggijang,37.5517,126.677122,I209
544,incheon2hoseon,seogucheong,37.543742,126.676787,I210
545,incheon2hoseon,gajeong,37.524649,126.675539,I211
546,incheon2hoseon,gajeongjungangsijang,37.517054,126.676672,I212
547,incheon2hoseon,seoknam,37.506193,126.676203,I213
548,incheon2hoseon,seobuyeoseonghoegwan,37.506193,126.676203,I214
549,incheon2hoseon,incheongajwa,37.4897,126.675208,I215
550,incheon2hoseon,gajaeul,37.484192,126.683673,I216
551,incheon2hoseon,juangukgasandan,37.473703,126.68113,I217
552,incheon2hoseon,juan,37.464941,126.679923,I218
553,incheon2hoseon,simingongwon,37.458335,126.681192,I219
554,incheon2hoseon,seokbawisijang,37.457611,126.692575,I220
555,incheon2hoseon,incheonsicheong,37.457405,126.702221,I221
556,incheon2hoseon,seokcheonsageori,37.456805,126.709986,I222
557,incheon2hoseon,moraenaesijang,37.45583,126.719298,I223
558,incheon2hoseon,mansu,37.454911,126.732094,I224
559,incheon2hoseon,namdonggucheong,37.448161,126.736939,I225
560,incheon2hoseon,incheondaegongwon,37.448769,126.752618,I226
561,incheon2hoseon,unyeon,37.440127,126.75997,I227
562,gyeonguiseon,yongsan,37.529849,126.964561,K110
563,gyeonguiseon,ichon,37.522272,126.974345,K111
564,gyeonguiseon,seobinggo,37.519594,126.988537,K112
565,gyeonguiseon,hannam,37.52943,127.009169,K113
566,gyeonguiseon,oksu,37.540685,127.017965,K114
567,gyeonguiseon,eungbong,37.549946,127.034538,K115
568,gyeonguiseon,wangsipri,37.561533,127.037732,K116
569,gyeonguiseon,cheongryangri,37.580178,127.046835,K117
570,gyeonguiseon,hoegi,37.58946,127.057583,K118
571,gyeonguiseon,jungrang,37.594917,127.076116,K119
572,gyeonguiseon,sangbong,37.596362,127.085032,K120
573,gyeonguiseon,mangu,37.59955,127.091909,K121
574,gyeonguiseon,yangwon,37.606596,127.107906,K122
575,gyeonguiseon,guri,37.603392,127.143869,K123
576,gyeonguiseon,donong,37.608806,127.161153,K124
577,gyeonguiseon,yangjeong,37.60533,127.19364,K125
578,gyeonguiseon,deokso,37.586781,127.208832,K126
579,gyeonguiseon,dosim,37.579622,127.222672,K127
580,gyeonguiseon,paldang,37.547371,127.243939,K128
581,gyeonguiseon,ungilsan,37.554669,127.310115,K129
582,gyeonguiseon,yangsu,37.545981,127.329098,K130
583,gyeonguiseon,sinwon,37.525545,127.372921,K131
584,gyeonguiseon,guksu,37.516169,127.399367,K132
585,gyeonguiseon,asin,37.51382,127.443173,K133
586,gyeonguiseon,obin,37.506062,127.473868,K134
587,gyeonguiseon,yangpyeong(jungangseon),37.492832,127.491814,K135
588,gyeonguiseon,wondeok,37.468672,127.547076,K136
589,gyeonguiseon,yongmun,37.48223,127.594647,K137
590,gyeonguiseon,jipyeong,37.476444,127.629617,K138
591,gyeonguiseon,hyochanggongwonap,37.539261,126.961351,K311
592,gyeonguiseon,gongdeok,37.544018,126.951592,K312
593,gyeonguiseon,seogangdae,37.551881,126.935711,K313
594,gyeonguiseon,hongdaeipgu,37.557192,126.925381,K314
595,gyeonguiseon,gajwa,37.568491,126.915487,K315
596,gyeonguiseon,dijiteolmidieositi,37.576646,126.900984,K316
597,gyeonguiseon,susaek,37.580842,126.895611,K317
598,gyeonguiseon,hwajeon,37.602888,126.868387,K318
599,gyeonguiseon,gangmae,37.612314,126.843223,K319
600,gyeonguiseon,haengsin,37.612102,126.834146,K320
601,gyeonguiseon,neunggok,37.618808,126.820783,K321
602,gyeonguiseon,daegok,37.631626,126.811024,K322
603,gyeonguiseon,goksan,37.645676,126.801762,K323
604,gyeonguiseon,baekma,37.658239,126.794461,K324
605,gyeonguiseon,pungsan,37.672346,126.786243,K325
606,gyeonguiseon,ilsan,37.682077,126.769846,K326
607,gyeonguiseon,tanhyeon,37.694023,126.761086,K327
608,gyeonguiseon,yadang,37.712327,126.761356,K328
609,gyeonguiseon,unjeong,37.725826,126.767257,K329
610,gyeonguiseon,geumreung,37.751322,126.765347,K330
611,gyeonguiseon,geumchon,37.766217,126.774644,K331
612,gyeonguiseon,wolrong,37.796188,126.792587,K333
613,gyeonguiseon,paju,37.815298,126.792783,K334
614,gyeonguiseon,munsan,37.854619,126.788047,K335
615,gyeonguiseon,imjingang,37.888599,126.746922,K336
616,gyeonguiseon,seouryeok,37.554648,126.972559,P313
617,gyeonguiseon,sinchon(gyeonguiseon),37.559837,126.942696,P314
618,gonghangcheoldo,seouryeok,37.554648,126.972559,A01
619,gonghangcheoldo,gongdeok,37.544018,126.951592,A02
620,gonghangcheoldo,hongdaeipgu,37.557192,126.925381,A03
621,gonghangcheoldo,dijiteolmidieositi,37.576646,126.900984,A04
622,gonghangcheoldo,magoknaru,37.567336,126.829497,A042
623,gonghangcheoldo,gimpogonghang,37.562434,126.801058,A05
624,gonghangcheoldo,gyeyang,37.571462,126.735637,A06
625,gonghangcheoldo,geomam,37.569104,126.673728,A07
626,gonghangcheoldo,cheongragukjedosi,37.555878,126.625327,A071
627,gonghangcheoldo,yeongjong,37.511466,126.5237,A072
628,gonghangcheoldo,unseo,37.492904,126.49379,A08
629,gonghangcheoldo,gonghanghwamulcheongsa,37.458366,126.476241,A09
630,gyeongchunseon,cheongryangri,37.580178,127.046835,P117
631,gyeongchunseon,hoegi,37.58946,127.057583,P118
632,gyeongchunseon,jungrang,37.594917,127.076116,P119
633,gyeongchunseon,sangbong,37.596362,127.085032,P120
634,gyeongchunseon,mangu,37.59955,127.091909,P121
635,gyeongchunseon,sinnae,37.612887,127.103218,P122
636,gyeongchunseon,galmae,37.634118,127.114757,P123
637,gyeongchunseon,byeolnae,37.64202,127.12684,P124
638,gyeongchunseon,toegyewon,37.648311,127.143952,P125
639,gyeongchunseon,sareung,37.65108,127.176933,P126
640,gyeongchunseon,geumgok,37.637382,127.207853,P127
641,gyeongchunseon,pyeongnaehopyeong,37.653225,127.244493,P128
642,gyeongchunseon,cheonmasan,37.658978,127.285379,P129
643,gyeongchunseon,maseok,37.652782,127.311767,P130
644,gyeongchunseon,daeseongri,37.684071,127.379319,P131
645,gyeongchunseon,cheongpyeong,37.735488,127.42661,P132
646,gyeongchunseon,sangcheon,37.770246,127.454821,P133
647,gyeongchunseon,gapyeong,37.814536,127.510739,P134
648,gyeongchunseon,gulbongsan,37.832067,127.557695,P135
649,gyeongchunseon,baegyangri,37.830779,127.58933,P136
650,gyeongchunseon,gangchon,37.805723,127.634146,P137
651,gyeongchunseon,gimyujeong,37.818466,127.71434,P138
652,gyeongchunseon,namchuncheon,37.864007,127.723792,P139
653,gyeongchunseon,chuncheon,37.885054,127.717023,P140
654,gyeongchunseon,gwangundae,37.623632,127.061835,
655,uijeongbugyeongjeoncheol,balgok,37.727048,127.052803,U110
656,uijeongbugyeongjeoncheol,hoeryong,37.724846,127.046895,U111
657,uijeongbugyeongjeoncheol,beomgol,37.728755,127.04353,U112
658,uijeongbugyeongjeoncheol,gyeongjeoncheoruijeongbu,37.737202,127.043257,U113
659,uijeongbugyeongjeoncheol,uijeongbusicheong,37.739256,127.034781,U114
660,uijeongbugyeongjeoncheol,heungseon,37.743302,127.037023,U115
661,uijeongbugyeongjeoncheol,uijeongbujungang,37.743676,127.049565,U117
662,uijeongbugyeongjeoncheol,dongo,37.745271,127.056947,U118
663,uijeongbugyeongjeoncheol,saemal,37.748885,127.06362,U119
664,uijeongbugyeongjeoncheol,gyeonggidocheongbukbucheongsa,37.75059,127.071495,U120
665,uijeongbugyeongjeoncheol,hyoja,37.754025,127.076902,U121
666,uijeongbugyeongjeoncheol,gonje,37.750471,127.083715,U122
667,uijeongbugyeongjeoncheol,eoryong,37.742802,127.085035,U123
668,uijeongbugyeongjeoncheol,songsan,37.737279,127.087159,U124
669,uijeongbugyeongjeoncheol,tapseok,37.733579,127.088704,U125
670,uisinseolgyeongjeoncheol,bukhansanui,37.663146,127.012789,S110
671,uisinseolgyeongjeoncheol,solbatgongwon,37.656088,127.013252,S111
672,uisinseolgyeongjeoncheol,4.19minjumyoji,37.649593,127.013746,S112
673,uisinseolgyeongjeoncheol,gaori,37.641701,127.016792,S113
674,uisinseolgyeongjeoncheol,hwagye,37.634802,127.017519,S114
675,uisinseolgyeongjeoncheol,samyang,37.627165,127.018152,S115
676,uisinseolgyeongjeoncheol,samyangsageori,37.621512,127.02048,S116
677,uisinseolgyeongjeoncheol,solsaem,37.62124,127.013528,S117
678,uisinseolgyeongjeoncheol,bukhansanbogukmun,37.612343,127.008009,S118
679,uisinseolgyeongjeoncheol,jeongreung,37.602798,127.01349,S119
680,uisinseolgyeongjeoncheol,seongsinyeodaeipgu,37.592624,127.016403,S120
681,uisinseolgyeongjeoncheol,bomun,37.585286,127.019381,S121
682,uisinseolgyeongjeoncheol,sinseoldong,37.575297,127.025087,S122
683,yongingyeongjeoncheol,giheung,37.275619,127.115936,Y110
684,yongingyeongjeoncheol,gangnamdae,37.270161,127.126033,Y111
685,yongingyeongjeoncheol,jiseok,37.269606,127.136515,Y112
686,yongingyeongjeoncheol,eojeong,37.274917,127.143714,Y113
687,yongingyeongjeoncheol,dongbaek,37.269043,127.152716,Y114
688,yongingyeongjeoncheol,chodang,37.260752,127.159443,Y115
689,yongingyeongjeoncheol,samga,37.242115,127.168075,Y116
690,yongingyeongjeoncheol,sicheong.yongindae,37.239151,127.178406,Y117
691,yongingyeongjeoncheol,myeongjidae,37.237964,127.190294,Y118
692,yongingyeongjeoncheol,gimryangjang,37.237247,127.198781,Y119
693,yongingyeongjeoncheol,undongjang.songdamdae,37.237845,127.209198,Y120
694,yongingyeongjeoncheol,gojin,37.24484,127.214251,Y121
695,yongingyeongjeoncheol,bopyeong,37.258965,127.218457,Y122
696,yongingyeongjeoncheol,dunjeon,37.267051,127.21364,Y123
697,yongingyeongjeoncheol,jeondae.ebeoraendeu,37.285342,127.219561,Y124
698,gyeonggangseon,pangyo,37.394761,127.111217,K410
699,gyeonggangseon,imae,37.396104,127.12827,K411
700,gyeonggangseon,samdong,37.409522,127.20336,K412
701,gyeonggangseon,gyeonggigwangju,37.398972,127.253115,K413
702,gyeonggangseon,chowol,37.374419,127.299,K414
703,gyeonggangseon,gonjiam,37.351315,127.34674,K415
704,gyeonggangseon,sindundoyechon,37.317185,127.40476,K416
705,gyeonggangseon,icheon,37.265579,127.44226,K417
706,gyeonggangseon,bubal,37.260192,127.490277,K418
707,gyeonggangseon,sejongdaewangreung,37.295309,127.570938,K419
708,gyeonggangseon,yeoju,37.282701,127.628607,K420
